<?xml version="1.0" encoding="UTF-8"?>
<project-private xmlns="http://www.netbeans.org/ns/project-private/1">
    <editor-bookmarks xmlns="http://www.netbeans.org/ns/editor-bookmarks/2" lastBookmarkId="0"/>
    <open-files xmlns="http://www.netbeans.org/ns/projectui-open-files/2">
        <group>
            <file>file:/E:/java/EnemyShipTesting/src/enemyshiptesting/BigUFOEnemyShip.java</file>
            <file>file:/E:/java/EnemyShipTesting/src/enemyshiptesting/UFOEnemyShip.java</file>
            <file>file:/E:/java/EnemyShipTesting/src/enemyshiptesting/EnemyShipTesting.java</file>
            <file>file:/E:/java/EnemyShipTesting/src/enemyshiptesting/RocketEnemyShip.java</file>
            <file>file:/E:/java/EnemyShipTesting/src/enemyshiptesting/EnemyShipFactory.java</file>
            <file>file:/E:/java/EnemyShipTesting/src/enemyshiptesting/EnemyShip.java</file>
        </group>
    </open-files>
</project-private>
